Title,Services
Sewa Kursi Acara Semarang,Event Organizer
Sewa Tenda Sarnafil Roders Semarang,Event Organizer
Sewa Alat Event Semarang,Event Organizer
Persewaan dan Pembuatan Stand Pameran Semarang,Event Organizer
Sewa Toilet Portable Semarang,Event Organizer
Sewa dan Jasa Pembuatan Panggung & Rigging Semarang,Event Organizer
Jasa Sewa dan Pembuatan Level Panggung Semarang,Event Organizer
Sewa dan Jasa Pembuatan Flooring Event Semarang,Event Organizer
Jasa Pembuatan Barikade Event Semarang,Event Organizer
Sewa Sound System Semarang,Event Organizer
Sewa Genset Semarang,Event Organizer
Sewa Lighting Semarang,Event Organizer
Sewa Videotron Panggung Semarang,Event Organizer
Sewa Ac Blower Semarang,Event Organizer
Sewa dan Jasa Pembuatan Partisi Event Semarang,Event Organizer
Jasa SDM Tenaga untuk Event Semarang,Event Organizer
Sewa Karpet Event Semarang,Event Organizer
Sewa dan Jasa Pembuatan Backdrop Semarang,Event Organizer
Jasa Koordinator Usher SPG Semarang,Event Organizer
