Title,Services,Thumbnail
Sewa Kursi Acara Semarang,Event Organizer,Sewa-Kursi-Event-Semarang.jpg
Sewa Tenda Sarnafil Roders Semarang,Event Organizer,Sewa-Tenda-Event-Semarang.jpg
Sewa Alat Event Semarang,Event Organizer,Sewa-Alat-Event-Semarang.jpg
Persewaan dan Pembuatan Stan Booth Pameran Semarang,Event Organizer,Sewa-Stan-Booth-Pameran-Semarang.jpg
Sewa Toilet Portable Semarang,Event Organizer,Sewa-Toilet-Portabel-Semarang.jpg
Sewa dan Jasa Pembuatan Panggung & Rigging Semarang,Event Organizer,Sewa-dan-Jasa-Pembuatan-Panggung-Rigging-Semarang.jpg
Jasa Sewa dan Pembuatan Level Panggung Semarang,Event Organizer,Sewa-dan-Jasa-Floor-Leveling-untuk-Event.jpg
Sewa dan Jasa Pembuatan Flooring Event Semarang,Event Organizer,Sewa-dan-Jasa-Floor-Leveling-untuk-Panggung.jpg
Jasa Pembuatan Barikade Event Semarang,Event Organizer,Sewa-Barikade-untuk-Event-Acara-Semarang.jpg
Sewa Sound System Semarang,Event Organizer,Persewaan-Sound-System-Semarang.jpg
Sewa Genset Semarang,Event Organizer,Sewa-Genset-Semarang.jpg
Sewa Lighting Semarang,Event Organizer,Sewa-Lampu-Lighting-Semarang.jpg
Sewa Videotron Panggung Semarang,Event Organizer,Sewa-Videotron-Event-Semarang.jpg
Sewa Ac Blower Semarang,Event Organizer,Sewa-AC-Blower-Semarang.jpg
Sewa dan Jasa Pembuatan Partisi Event Semarang,Event Organizer,Sewa-Partisi-Event-Semarang.jpg
Jasa SDM Tenaga untuk Event Semarang,Event Organizer,Jasa-Resource-SDM-Tenaga-untuk-Event-Semarang.jpg
Sewa Karpet Event Semarang,Event Organizer,Persewaan-Karpet-Event-Semarang.jpg
Sewa dan Jasa Pembuatan Backdrop Semarang,Event Organizer,Jasa-Pembuatan-Backdrop-Event-Semarang.jpg
Jasa Koordinator Usher SPG Semarang,Event Organizer,Jasa-Koordinator-Sales-Usher-SPG.jpg
